{
	"events": [
		{
			"character": "",
			"event_id": "dialogic_001",
			"portrait": "",
			"text": "You approach the coffee machine and press the large button marked BREW."
		},
		{
			"action": "join",
			"character": "character-1630254826.json",
			"event_id": "dialogic_002",
			"mirror": false,
			"portrait": "",
			"position": {
				"0": false,
				"1": false,
				"2": false,
				"3": false,
				"4": true
			}
		},
		{
			"character": "character-1630254826.json",
			"event_id": "dialogic_001",
			"portrait": "",
			"text": "Welcome to the [i]brewmaster 9000[/i]. Please insert one token and make your selection!"
		},
		{
			"condition": "",
			"definition": "1630351191-912",
			"event_id": "dialogic_012",
			"value": "0"
		},
		{
			"action": "join",
			"character": "character-1629668635.json",
			"event_id": "dialogic_002",
			"mirror": false,
			"portrait": "",
			"position": {
				"0": true,
				"1": false,
				"2": false,
				"3": false,
				"4": false
			}
		},
		{
			"character": "character-1629668635.json",
			"event_id": "dialogic_001",
			"portrait": "",
			"text": "I don't have a token. Where can I get one?"
		},
		{
			"character": "character-1630254826.json",
			"event_id": "dialogic_001",
			"portrait": "",
			"text": "I'm sorry, without a token I am not able to process your coffee request."
		},
		{
			"character": "character-1630254826.json",
			"event_id": "dialogic_001",
			"portrait": "",
			"text": "Please insert one token to continue..."
		},
		{
			"event_id": "dialogic_013"
		},
		{
			"condition": "",
			"definition": "1630351191-912",
			"event_id": "dialogic_012",
			"value": "1"
		},
		{
			"character": "",
			"event_id": "dialogic_001",
			"portrait": "",
			"text": "You insert the token into the coffee machine..."
		},
		{
			"call_node": {
				"arguments": [
					"token"
				],
				"method_name": "remove_item",
				"target_node_path": "inventory"
			},
			"event_id": "dialogic_042"
		},
		{
			"action": "join",
			"character": "character-1630254826.json",
			"event_id": "dialogic_002",
			"mirror": false,
			"portrait": "",
			"position": {
				"0": false,
				"1": false,
				"2": false,
				"3": false,
				"4": true
			}
		},
		{
			"character": "character-1630254826.json",
			"event_id": "dialogic_010",
			"options": [

			],
			"portrait": "",
			"question": "Please make your selection"
		},
		{
			"choice": "latte",
			"condition": "",
			"definition": "",
			"event_id": "dialogic_011",
			"value": ""
		},
		{
			"character": "",
			"event_id": "dialogic_001",
			"portrait": "",
			"text": "[shake rate=5 level=10]brrrrr[/shake]"
		},
		{
			"call_node": {
				"arguments": [
					"coffee"
				],
				"method_name": "add_item",
				"target_node_path": "inventory"
			},
			"event_id": "dialogic_042"
		},
		{
			"audio": "play",
			"audio_bus": "Master",
			"event_id": "dialogic_030",
			"event_name": "AudioEvent",
			"file": "res://audio/sfx/item.mp3",
			"volume": 0
		},
		{
			"event_id": "dialogic_023",
			"wait_seconds": 0.7
		},
		{
			"audio": "stop",
			"audio_bus": "Master",
			"event_id": "dialogic_030",
			"event_name": "AudioEvent",
			"file": "",
			"volume": 0
		},
		{
			"character": "",
			"event_id": "dialogic_001",
			"portrait": "",
			"text": "You recieve a latte"
		},
		{
			"definition": "1630352399-208",
			"event_id": "dialogic_014",
			"operation": "=",
			"random_upper_limit": 100,
			"set_random": false,
			"set_value": "1"
		},
		{
			"choice": "black coffee",
			"condition": "",
			"definition": "",
			"event_id": "dialogic_011",
			"value": ""
		},
		{
			"character": "",
			"event_id": "dialogic_001",
			"portrait": "",
			"text": "[shake rate=5 level=10]brrrrr[/shake]"
		},
		{
			"call_node": {
				"arguments": [
					"coffee"
				],
				"method_name": "add_item",
				"target_node_path": "inventory"
			},
			"event_id": "dialogic_042"
		},
		{
			"audio": "play",
			"audio_bus": "Master",
			"event_id": "dialogic_030",
			"event_name": "AudioEvent",
			"file": "res://audio/sfx/item.mp3",
			"volume": 0
		},
		{
			"event_id": "dialogic_023",
			"wait_seconds": 0.7
		},
		{
			"audio": "stop",
			"audio_bus": "Master",
			"event_id": "dialogic_030",
			"event_name": "AudioEvent",
			"file": "",
			"volume": 0
		},
		{
			"character": "",
			"event_id": "dialogic_001",
			"portrait": "",
			"text": "you recieve a black coffee"
		},
		{
			"definition": "1630352399-208",
			"event_id": "dialogic_014",
			"operation": "=",
			"random_upper_limit": 100,
			"set_random": false,
			"set_value": "1"
		},
		{
			"choice": "espresso",
			"condition": "",
			"definition": "",
			"event_id": "dialogic_011",
			"value": ""
		},
		{
			"character": "",
			"event_id": "dialogic_001",
			"portrait": "",
			"text": "[shake rate=5 level=10]brrrrr[/shake]"
		},
		{
			"call_node": {
				"arguments": [
					"coffee"
				],
				"method_name": "add_item",
				"target_node_path": "inventory"
			},
			"event_id": "dialogic_042"
		},
		{
			"audio": "play",
			"audio_bus": "Master",
			"event_id": "dialogic_030",
			"event_name": "AudioEvent",
			"file": "res://audio/sfx/item.mp3",
			"volume": 0
		},
		{
			"event_id": "dialogic_023",
			"wait_seconds": 0.7
		},
		{
			"audio": "stop",
			"audio_bus": "Master",
			"event_id": "dialogic_030",
			"event_name": "AudioEvent",
			"file": "",
			"volume": 0
		},
		{
			"character": "",
			"event_id": "dialogic_001",
			"portrait": "",
			"text": "you recieve a espresso"
		},
		{
			"definition": "1630352399-208",
			"event_id": "dialogic_014",
			"operation": "=",
			"random_upper_limit": 100,
			"set_random": false,
			"set_value": "1"
		},
		{
			"event_id": "dialogic_013"
		},
		{
			"event_id": "dialogic_013"
		}
	],
	"metadata": {
		"dialogic-version": "1.3",
		"file": "timeline-1630254718.json",
		"name": "coffee machine"
	}
}
