{
	"events": [
		{
			"character": "",
			"event_id": "dialogic_001",
			"portrait": "",
			"text": "This crystal ball is [b] massive [/b]. "
		},
		{
			"character": "",
			"event_id": "dialogic_001",
			"portrait": "",
			"text": "You notice a swirling purple maelstrom deep within."
		},
		{
			"action": "join",
			"character": "character-1629668635.json",
			"event_id": "dialogic_002",
			"mirror": false,
			"portrait": "",
			"position": {
				"0": true,
				"1": false,
				"2": false,
				"3": false,
				"4": false
			}
		},
		{
			"character": "character-1629668635.json",
			"event_id": "dialogic_001",
			"portrait": "",
			"text": "This is such an odd piece of furniture to have in a student lounge."
		}
	],
	"metadata": {
		"dialogic-version": "1.3",
		"file": "timeline-1630254552.json",
		"name": "crystal ball"
	}
}
