{
	"events": [
		{
			"action": "join",
			"character": "character-1630272905.json",
			"event_id": "dialogic_002",
			"mirror": false,
			"portrait": "",
			"position": {
				"0": true,
				"1": false,
				"2": false,
				"3": false,
				"4": false
			}
		},
		{
			"character": "character-1630272905.json",
			"event_id": "dialogic_001",
			"portrait": "",
			"text": "WOW COOOOL! I just cast a spell and busted that incorrect answer. Pretty cool actually. "
		},
		{
			"character": "",
			"event_id": "dialogic_001",
			"portrait": "",
			"text": "Take a look at your score. It's increased by removing an incorrect answer from the world. Good job!"
		}
	],
	"metadata": {
		"dialogic-version": "1.3",
		"file": "timeline-1630280813.json",
		"name": "illuminata 2 end"
	}
}
