{
	"events": [
		{
			"character": "",
			"event_id": "dialogic_001",
			"portrait": "",
			"text": "You find yourself right back in your dorm..."
		},
		{
			"action": "join",
			"character": "character-1629668635.json",
			"event_id": "dialogic_002",
			"mirror": false,
			"portrait": "",
			"position": {
				"0": true,
				"1": false,
				"2": false,
				"3": false,
				"4": false
			}
		},
		{
			"character": "character-1629668635.json",
			"event_id": "dialogic_001",
			"portrait": "",
			"text": "WHOOOOO DUDE!!! "
		},
		{
			"action": "join",
			"character": "character-1629831954.json",
			"event_id": "dialogic_002",
			"mirror": false,
			"portrait": "",
			"position": {
				"0": false,
				"1": false,
				"2": false,
				"3": false,
				"4": true
			}
		},
		{
			"character": "character-1629831954.json",
			"event_id": "dialogic_001",
			"portrait": "",
			"text": "Hey bird boy, you're back! I was worried about you. "
		},
		{
			"character": "character-1629831954.json",
			"event_id": "dialogic_001",
			"portrait": "",
			"text": "You put that cartridge in the birdtendo and *poof* "
		},
		{
			"character": "character-1629668635.json",
			"event_id": "dialogic_001",
			"portrait": "",
			"text": "Ya. I was a sucked into the game. "
		},
		{
			"character": "character-1629831954.json",
			"event_id": "dialogic_001",
			"portrait": "",
			"text": "gnarly! Well, that's how you learn right?!"
		},
		{
			"character": "character-1629668635.json",
			"event_id": "dialogic_001",
			"portrait": "",
			"text": "I think so. I think I learn a a spell, not sure!"
		},
		{
			"character": "character-1629831954.json",
			"event_id": "dialogic_001",
			"portrait": "",
			"text": "Well, whatever is it you might want to try it out somewhere other than here!"
		}
	],
	"metadata": {
		"dialogic-version": "1.3",
		"file": "timeline-1630281734.json",
		"name": "return to dorm"
	}
}
