{
	"events": [
		{
			"character": "",
			"event_id": "dialogic_001",
			"portrait": "",
			"text": "There is an inscription on the bookcase: [b]the history of THE RATIO[/b]"
		},
		{
			"character": "character-1629668635.json",
			"event_id": "dialogic_001",
			"portrait": "",
			"text": "Unabridged"
		},
		{
			"condition": "",
			"definition": "1630359451-554",
			"event_id": "dialogic_012",
			"value": "1"
		},
		{
			"character": "",
			"event_id": "dialogic_001",
			"portrait": "",
			"text": "You've already read this book"
		},
		{
			"event_id": "dialogic_013"
		},
		{
			"condition": "",
			"definition": "1630359451-554",
			"event_id": "dialogic_012",
			"value": "0"
		},
		{
			"condition": "",
			"definition": "1630347918-543",
			"event_id": "dialogic_012",
			"value": "4"
		},
		{
			"action": "join",
			"character": "character-1629668635.json",
			"event_id": "dialogic_002",
			"mirror": false,
			"portrait": "",
			"position": {
				"0": true,
				"1": false,
				"2": false,
				"3": false,
				"4": false
			}
		},
		{
			"character": "character-1629668635.json",
			"event_id": "dialogic_001",
			"portrait": "",
			"text": "Somehow it seems like every single book in the library has to do with academic integrity. Strange."
		},
		{
			"event_id": "dialogic_013"
		},
		{
			"character": "",
			"event_id": "dialogic_010",
			"options": [

			],
			"portrait": "",
			"question": "Browse the books?"
		},
		{
			"choice": "Yes",
			"condition": "",
			"definition": "",
			"event_id": "dialogic_011",
			"value": ""
		},
		{
			"character": "",
			"event_id": "dialogic_001",
			"portrait": "",
			"text": "An unbridged history of the ratio:"
		},
		{
			"character": "",
			"event_id": "dialogic_001",
			"portrait": "",
			"text": "You spend an hour reading the book..."
		},
		{
			"character": "",
			"event_id": "dialogic_001",
			"portrait": "",
			"text": "You learned that the magical energy emanating from the depths below Dream School seems to exist in two competitive states at once. The scholars from long long ago named these states of energy ethical energy, and unethical energy. "
		},
		{
			"character": "",
			"event_id": "dialogic_001",
			"portrait": "",
			"text": "These states of energy are known as THE RATIO"
		},
		{
			"definition": "1630347918-543",
			"event_id": "dialogic_014",
			"operation": "+",
			"random_upper_limit": 100,
			"set_random": false,
			"set_value": "1"
		},
		{
			"definition": "1630359451-554",
			"event_id": "dialogic_014",
			"operation": "=",
			"random_upper_limit": 100,
			"set_random": false,
			"set_value": "1"
		},
		{
			"choice": "No",
			"condition": "",
			"definition": "",
			"event_id": "dialogic_011",
			"value": ""
		},
		{
			"event_id": "dialogic_013"
		},
		{
			"event_id": "dialogic_013"
		}
	],
	"metadata": {
		"dialogic-version": "1.3",
		"file": "timeline-1630347880.json",
		"name": "shelf 3"
	}
}
