{
	"events": [
		{
			"condition": "",
			"definition": "1630355221-179",
			"event_id": "dialogic_012",
			"value": "0"
		},
		{
			"character": "",
			"event_id": "dialogic_001",
			"portrait": "",
			"text": "The door to the classroom is locked and you don't have the [u]key[/u]"
		},
		{
			"event_id": "dialogic_013"
		},
		{
			"condition": "",
			"definition": "1630355221-179",
			"event_id": "dialogic_012",
			"value": "1"
		},
		{
			"character": "",
			"event_id": "dialogic_001",
			"portrait": "",
			"text": "You use the key to open the door to the classroom"
		},
		{
			"call_node": {
				"arguments": [
					"horizontal hallway"
				],
				"method_name": "change_scene",
				"target_node_path": "lounge"
			},
			"event_id": "dialogic_042"
		},
		{
			"event_id": "dialogic_013"
		}
	],
	"metadata": {
		"dialogic-version": "1.3",
		"file": "timeline-1630248983.json",
		"name": "classroom"
	}
}
