{
	"events": [
		{
			"condition": "",
			"definition": "1629847073-571",
			"event_id": "dialogic_012",
			"value": "1"
		},
		{
			"condition": "",
			"definition": "1630255667-592",
			"event_id": "dialogic_012",
			"value": "0"
		},
		{
			"action": "join",
			"character": "character-1629920597.json",
			"event_id": "dialogic_002",
			"mirror": true,
			"portrait": "",
			"position": {
				"0": false,
				"1": false,
				"2": false,
				"3": false,
				"4": true
			}
		},
		{
			"character": "character-1629920597.json",
			"event_id": "dialogic_001",
			"portrait": "",
			"text": "[wave amp=5 freq=10]hoooloooo there [/wave]"
		},
		{
			"action": "join",
			"character": "character-1629668635.json",
			"event_id": "dialogic_002",
			"mirror": false,
			"portrait": "",
			"position": {
				"0": true,
				"1": false,
				"2": false,
				"3": false,
				"4": false
			}
		},
		{
			"character": "character-1629668635.json",
			"event_id": "dialogic_001",
			"portrait": "",
			"text": "Hi! I'm looking for my [u]notes[/u], they're a huge stack of papers. Have you seen anything?"
		},
		{
			"character": "character-1629920597.json",
			"event_id": "dialogic_001",
			"portrait": "",
			"text": "[wave amp=5 freq=10]hoooo[/wave], unfortunately not. "
		},
		{
			"character": "character-1629668635.json",
			"event_id": "dialogic_001",
			"portrait": "",
			"text": "Was anyone in here in the last hour? "
		},
		{
			"character": "character-1629920597.json",
			"event_id": "dialogic_001",
			"portrait": "",
			"text": "I don't know, I just woke up from sleeping, I'm quite a night owl."
		},
		{
			"event_id": "dialogic_013"
		},
		{
			"condition": "",
			"definition": "1630255667-592",
			"event_id": "dialogic_012",
			"value": "1"
		},
		{
			"condition": "",
			"definition": "1630444561-366",
			"event_id": "dialogic_012",
			"value": "1"
		},
		{
			"action": "join",
			"character": "character-1629668635.json",
			"event_id": "dialogic_002",
			"mirror": false,
			"portrait": "",
			"position": {
				"0": true,
				"1": false,
				"2": false,
				"3": false,
				"4": false
			}
		},
		{
			"character": "character-1629668635.json",
			"event_id": "dialogic_001",
			"portrait": "",
			"text": "Hi Owl! I have a question for you."
		},
		{
			"character": "character-1629668635.json",
			"event_id": "dialogic_001",
			"portrait": "",
			"text": "Do you know how to turn on the [u]light[/u] in the [u]library[/u]?"
		},
		{
			"action": "join",
			"character": "character-1629920597.json",
			"event_id": "dialogic_002",
			"mirror": false,
			"portrait": "",
			"position": {
				"0": false,
				"1": false,
				"2": false,
				"3": false,
				"4": true
			}
		},
		{
			"character": "character-1629920597.json",
			"event_id": "dialogic_001",
			"portrait": "",
			"text": "Sure [wave amp=5 freq=10]doooo[/wave]"
		},
		{
			"character": "character-1629668635.json",
			"event_id": "dialogic_001",
			"portrait": "",
			"text": "Really?! How can I?"
		},
		{
			"character": "character-1629920597.json",
			"event_id": "dialogic_001",
			"portrait": "",
			"text": "There isnt' a [u]light[/u] in the [u]library[/u]. You need a spell."
		},
		{
			"character": "character-1629668635.json",
			"event_id": "dialogic_001",
			"portrait": "",
			"text": "A spell to [u]light[/u] up the room? How do I get that?"
		},
		{
			"character": "character-1629920597.json",
			"event_id": "dialogic_001",
			"portrait": "",
			"text": "You don't, you [wave amp=5 freq=10]eeeeeeearn[/wave] it!"
		},
		{
			"character": "character-1629668635.json",
			"event_id": "dialogic_001",
			"portrait": "",
			"text": "I'm not sure I understand? How do I earn a spell?"
		},
		{
			"character": "character-1629920597.json",
			"event_id": "dialogic_001",
			"portrait": "",
			"text": "No one told you? Why, you need to beat a [u]game[/u] to learn spells at [u]dream school[/u]"
		},
		{
			"character": "character-1629668635.json",
			"event_id": "dialogic_001",
			"portrait": "",
			"text": "What [u]game[/u]? "
		},
		{
			"character": "character-1629920597.json",
			"event_id": "dialogic_001",
			"portrait": "",
			"text": "I suppose you really are new here! At dream school it's possible for students to learn by playing specific games"
		},
		{
			"character": "character-1629668635.json",
			"event_id": "dialogic_001",
			"portrait": "",
			"text": "Oh cool. You mean I can play a video [u]game[/u] AND learn at the same time?"
		},
		{
			"character": "character-1629920597.json",
			"event_id": "dialogic_001",
			"portrait": "",
			"text": "Contrary to popular opinion, yes! In fact, it's [b]required[/b] in order to learn spells."
		},
		{
			"character": "character-1629668635.json",
			"event_id": "dialogic_001",
			"portrait": "",
			"text": "So I need to play a [u]game[/u] in order to learn how to see in the [u]library[/u]?"
		},
		{
			"character": "character-1629920597.json",
			"event_id": "dialogic_001",
			"portrait": "",
			"text": "Yes, you do. "
		},
		{
			"character": "character-1629668635.json",
			"event_id": "dialogic_001",
			"portrait": "",
			"text": "Okay. So how to I play it?"
		},
		{
			"character": "character-1629920597.json",
			"event_id": "dialogic_001",
			"portrait": "",
			"text": "Well, first you need a cartridge for the spell you want to learn. Normally your professors will hand these out. "
		},
		{
			"character": "character-1629668635.json",
			"event_id": "dialogic_001",
			"portrait": "",
			"text": "Oh, I don't have one. And all of the professors are asleep! Are there any other ways?"
		},
		{
			"character": "character-1629920597.json",
			"event_id": "dialogic_001",
			"portrait": "",
			"text": "I'm afraid not, unless you happen to know someone [u][color=red]unscrupulous[/color][/u]. You might need to wait until morning."
		},
		{
			"character": "character-1629668635.json",
			"event_id": "dialogic_001",
			"portrait": "",
			"text": "I don't have that much time. Anyway, thanks for the info."
		},
		{
			"definition": "1630258075-885",
			"event_id": "dialogic_014",
			"operation": "=",
			"random_upper_limit": 100,
			"set_random": false,
			"set_value": "1"
		},
		{
			"event_id": "dialogic_013"
		},
		{
			"action": "leaveall",
			"character": "[All]",
			"event_id": "dialogic_003"
		},
		{
			"event_id": "dialogic_013"
		},
		{
			"event_id": "dialogic_013"
		},
		{
			"condition": "",
			"definition": "1629847073-571",
			"event_id": "dialogic_012",
			"value": "0"
		},
		{
			"character": "character-1629920597.json",
			"event_id": "dialogic_001",
			"portrait": "",
			"text": "The owl seems like its still asleep. "
		},
		{
			"event_id": "dialogic_013"
		}
	],
	"metadata": {
		"dialogic-version": "1.3",
		"file": "timeline-1629920697.json",
		"name": "owl"
	}
}
