{
	"events": [
		{
			"action": "join",
			"character": "character-1630272905.json",
			"event_id": "dialogic_002",
			"mirror": false,
			"portrait": "",
			"position": {
				"0": true,
				"1": false,
				"2": false,
				"3": false,
				"4": false
			}
		},
		{
			"character": "character-1630272905.json",
			"event_id": "dialogic_001",
			"portrait": "",
			"text": "whoa! I'm moving!"
		},
		{
			"character": "character-1630272905.json",
			"event_id": "dialogic_001",
			"portrait": "",
			"text": "I wasn't even thinking about moving and somehow I moved"
		}
	],
	"metadata": {
		"dialogic-version": "1.3",
		"file": "timeline-1630273030.json",
		"name": "illuminata movement"
	}
}
