{
	"events": [
		{
			"condition": "",
			"definition": "1629847073-571",
			"event_id": "dialogic_012",
			"value": "1"
		},
		{
			"condition": "",
			"definition": "1630258075-885",
			"event_id": "dialogic_012",
			"value": "0"
		},
		{
			"action": "join",
			"character": "character-1630258027.json",
			"event_id": "dialogic_002",
			"mirror": false,
			"portrait": "",
			"position": {
				"0": false,
				"1": false,
				"2": false,
				"3": false,
				"4": true
			}
		},
		{
			"character": "character-1630258027.json",
			"event_id": "dialogic_001",
			"portrait": "",
			"text": "Hey, what's up?"
		},
		{
			"character": "character-1630258027.json",
			"event_id": "dialogic_001",
			"portrait": "",
			"text": "I'm star dude. That's my name at moment anyway. star dude."
		},
		{
			"action": "join",
			"character": "character-1629668635.json",
			"event_id": "dialogic_002",
			"mirror": false,
			"portrait": "",
			"position": {
				"0": true,
				"1": false,
				"2": false,
				"3": false,
				"4": false
			}
		},
		{
			"character": "character-1629668635.json",
			"event_id": "dialogic_001",
			"portrait": "",
			"text": "I lost my [u]notes[/u]. Have you seen them?"
		},
		{
			"character": "character-1630258027.json",
			"event_id": "dialogic_001",
			"portrait": "",
			"text": "No, sorry. I'm just out here for some fresh air. "
		},
		{
			"event_id": "dialogic_013"
		},
		{
			"condition": "",
			"definition": "1630258075-885",
			"event_id": "dialogic_012",
			"value": "1"
		},
		{
			"action": "join",
			"character": "character-1629668635.json",
			"event_id": "dialogic_002",
			"mirror": false,
			"portrait": "",
			"position": {
				"0": true,
				"1": false,
				"2": false,
				"3": false,
				"4": false
			}
		},
		{
			"character": "character-1629668635.json",
			"event_id": "dialogic_001",
			"portrait": "",
			"text": "Hi star dude. Can I ask you a question?"
		},
		{
			"action": "join",
			"character": "character-1630258027.json",
			"event_id": "dialogic_002",
			"mirror": false,
			"portrait": "",
			"position": {
				"0": false,
				"1": false,
				"2": false,
				"3": false,
				"4": true
			}
		},
		{
			"character": "character-1630258027.json",
			"event_id": "dialogic_001",
			"portrait": "",
			"text": "Sure."
		},
		{
			"character": "character-1629668635.json",
			"event_id": "dialogic_001",
			"portrait": "",
			"text": "Do you know anything about spells?"
		},
		{
			"character": "character-1630258027.json",
			"event_id": "dialogic_001",
			"portrait": "",
			"text": "Hmmmm. I've beat tons of [u]games[/u] in my time here at [u]dream school[/u]."
		},
		{
			"character": "character-1629668635.json",
			"event_id": "dialogic_001",
			"portrait": "",
			"text": "I need to learn a [u]light spell[/u]"
		},
		{
			"character": "character-1630258027.json",
			"event_id": "dialogic_001",
			"portrait": "",
			"text": "oh, then you need to get the [u]illuminatata cartridge[/u]"
		},
		{
			"character": "character-1629668635.json",
			"event_id": "dialogic_001",
			"portrait": "",
			"text": "Where can I find that?"
		},
		{
			"character": "character-1630258027.json",
			"event_id": "dialogic_001",
			"portrait": "",
			"text": "I have one you can borrow dude, just don't erase my save game!"
		},
		{
			"call_node": {
				"arguments": [
					"illuminata cartridge"
				],
				"method_name": "add_item",
				"target_node_path": "inventory"
			},
			"event_id": "dialogic_042"
		},
		{
			"audio": "play",
			"audio_bus": "Master",
			"event_id": "dialogic_030",
			"event_name": "AudioEvent",
			"file": "res://audio/sfx/item.mp3",
			"volume": 0
		},
		{
			"event_id": "dialogic_023",
			"wait_seconds": 0.7
		},
		{
			"audio": "stop",
			"audio_bus": "Master",
			"event_id": "dialogic_030",
			"event_name": "AudioEvent",
			"file": "",
			"volume": 0
		},
		{
			"character": "",
			"event_id": "dialogic_001",
			"portrait": "",
			"text": "You recieve the [u]illuminatata cartridge[/u]"
		},
		{
			"definition": "1630263147-252",
			"event_id": "dialogic_014",
			"operation": "=",
			"random_upper_limit": 100,
			"set_random": false,
			"set_value": "1"
		},
		{
			"event_id": "dialogic_013"
		},
		{
			"event_id": "dialogic_013"
		},
		{
			"condition": "",
			"definition": "1629847073-571",
			"event_id": "dialogic_012",
			"value": "0"
		},
		{
			"action": "join",
			"character": "character-1630258027.json",
			"event_id": "dialogic_002",
			"mirror": false,
			"portrait": "",
			"position": {
				"0": true,
				"1": false,
				"2": false,
				"3": false,
				"4": false
			}
		},
		{
			"character": "character-1630258027.json",
			"event_id": "dialogic_001",
			"portrait": "",
			"text": "hey! Shouldn't you be studying at your desk!?"
		},
		{
			"event_id": "dialogic_013"
		}
	],
	"metadata": {
		"dialogic-version": "1.3",
		"file": "timeline-1630257976.json",
		"name": "star dude"
	}
}
