{
	"events": [
		{
			"character": "",
			"event_id": "dialogic_001",
			"portrait": "",
			"text": "You see a stack of advertisements for a contract cheating service"
		},
		{
			"character": "",
			"event_id": "dialogic_001",
			"portrait": "",
			"text": "and another game cartridge"
		},
		{
			"action": "join",
			"character": "character-1629668635.json",
			"event_id": "dialogic_002",
			"mirror": false,
			"portrait": "",
			"position": {
				"0": true,
				"1": false,
				"2": false,
				"3": false,
				"4": false
			}
		},
		{
			"character": "character-1629668635.json",
			"event_id": "dialogic_001",
			"portrait": "",
			"text": "What are these ads doing in joe's desk? And why is there a whole stack of them?"
		},
		{
			"character": "character-1629668635.json",
			"event_id": "dialogic_001",
			"portrait": "",
			"text": "There's a game cartridge in here too"
		},
		{
			"character": "",
			"event_id": "dialogic_001",
			"portrait": "",
			"text": "The game is called: citation"
		},
		{
			"character": "character-1629668635.json",
			"event_id": "dialogic_001",
			"portrait": "",
			"text": "Oh golly, I'm not sure what to think here. I better go find joe and get to the bottom of this."
		},
		{
			"definition": "1630440117-787",
			"event_id": "dialogic_014",
			"operation": "=",
			"random_upper_limit": 100,
			"set_random": false,
			"set_value": "1"
		},
		{
			"call_node": {
				"arguments": [
					"false"
				],
				"method_name": "open_desk",
				"target_node_path": "classroom"
			},
			"event_id": "dialogic_042"
		}
	],
	"metadata": {
		"dialogic-version": "1.3",
		"file": "timeline-1630438478.json",
		"name": "joe desk"
	}
}
