{
	"events": [
		{
			"character": "",
			"event_id": "dialogic_001",
			"portrait": "",
			"text": "You see a strange figure at the top of the stairs standing next to the torch"
		},
		{
			"action": "join",
			"character": "character-1629668635.json",
			"event_id": "dialogic_002",
			"mirror": false,
			"portrait": "",
			"position": {
				"0": true,
				"1": false,
				"2": false,
				"3": false,
				"4": false
			}
		},
		{
			"character": "character-1629668635.json",
			"event_id": "dialogic_001",
			"portrait": "",
			"text": "That torch hasn't been lit for thousands of years! "
		},
		{
			"character": "",
			"event_id": "dialogic_001",
			"portrait": "",
			"text": "Something tells you you shouldn't be here"
		},
		{
			"action": "join",
			"character": "character-1629668635.json",
			"event_id": "dialogic_002",
			"mirror": false,
			"portrait": "",
			"position": {
				"0": true,
				"1": false,
				"2": false,
				"3": false,
				"4": false
			}
		},
		{
			"character": "character-1629668635.json",
			"event_id": "dialogic_001",
			"portrait": "",
			"text": "I don't care. Hey!"
		},
		{
			"character": "",
			"event_id": "dialogic_001",
			"portrait": "",
			"text": "You yell to the strange shade standing above you"
		},
		{
			"character": "character-1629668635.json",
			"event_id": "dialogic_001",
			"portrait": "",
			"text": "what are you doing here? where's joe?"
		},
		{
			"action": "join",
			"character": "character-1630442082.json",
			"event_id": "dialogic_002",
			"mirror": false,
			"portrait": "",
			"position": {
				"0": false,
				"1": false,
				"2": false,
				"3": false,
				"4": true
			}
		},
		{
			"character": "character-1630442082.json",
			"event_id": "dialogic_001",
			"portrait": "",
			"text": "[fade start=4 length=14]what are you doing here?[/fade]"
		},
		{
			"character": "character-1630442082.json",
			"event_id": "dialogic_001",
			"portrait": "",
			"text": "[shake rate=20 level=10]leave immediately[/shake]"
		},
		{
			"character": "character-1629668635.json",
			"event_id": "dialogic_001",
			"portrait": "",
			"text": "where's joe?"
		},
		{
			"character": "character-1630442082.json",
			"event_id": "dialogic_001",
			"portrait": "",
			"text": "[shake rate=20 level=10]he's gone and YOU WILL BE TOO IF YOU DON'T GET OUT OF HERE[/shake]"
		},
		{
			"character": "character-1629668635.json",
			"event_id": "dialogic_001",
			"portrait": "",
			"text": "HAVE YOU SEEN MY NOTES?"
		},
		{
			"character": "character-1630442082.json",
			"event_id": "dialogic_001",
			"portrait": "",
			"text": "[shake rate=30 level=10]ENOUGH OF THIS![/shake]"
		},
		{
			"call_node": {
				"arguments": [

				],
				"method_name": "fade_out",
				"target_node_path": "library"
			},
			"event_id": "dialogic_042"
		}
	],
	"metadata": {
		"dialogic-version": "1.3",
		"file": "timeline-1630441719.json",
		"name": "final"
	}
}
