{
	"events": [
		{
			"action": "join",
			"character": "character-1629668635.json",
			"event_id": "dialogic_002",
			"mirror": false,
			"portrait": "",
			"position": {
				"0": true,
				"1": false,
				"2": false,
				"3": false,
				"4": false
			}
		},
		{
			"character": "character-1629668635.json",
			"event_id": "dialogic_001",
			"portrait": "",
			"text": "oh no...that's a pit"
		},
		{
			"character": "character-1629668635.json",
			"event_id": "dialogic_001",
			"portrait": "",
			"text": "how can I get over it?"
		}
	],
	"metadata": {
		"dialogic-version": "1.3",
		"file": "timeline-1630445525.json",
		"name": "illuminata 3 movement"
	}
}
