{
	"events": [
		{
			"condition": "",
			"definition": "1630263147-252",
			"event_id": "dialogic_012",
			"value": "0"
		},
		{
			"character": "",
			"event_id": "dialogic_010",
			"options": [

			],
			"portrait": "",
			"question": "Really? You want to play games in the middle of a crisis?"
		},
		{
			"choice": "Yes",
			"condition": "",
			"definition": "",
			"event_id": "dialogic_011",
			"value": ""
		},
		{
			"character": "",
			"event_id": "dialogic_001",
			"portrait": "",
			"text": "The birdtendo doesn't have a cartridge!"
		},
		{
			"choice": "No way",
			"condition": "",
			"definition": "",
			"event_id": "dialogic_011",
			"value": ""
		},
		{
			"character": "",
			"event_id": "dialogic_001",
			"portrait": "",
			"text": "good choice, you have work to do!"
		},
		{
			"event_id": "dialogic_013"
		},
		{
			"event_id": "dialogic_013"
		},
		{
			"condition": "",
			"definition": "1630263147-252",
			"event_id": "dialogic_012",
			"value": "1"
		},
		{
			"character": "",
			"event_id": "dialogic_010",
			"options": [

			],
			"portrait": "",
			"question": "Would you like to play the illuminata cartridge?"
		},
		{
			"choice": "Yes",
			"condition": "",
			"definition": "",
			"event_id": "dialogic_011",
			"value": ""
		},
		{
			"character": "",
			"event_id": "dialogic_001",
			"portrait": "",
			"text": "You insert the cartridge. Good luck..."
		},
		{
			"call_node": {
				"arguments": [
					"illuminata cartridge"
				],
				"method_name": "remove_item",
				"target_node_path": "inventory"
			},
			"event_id": "dialogic_042"
		},
		{
			"call_node": {
				"arguments": [
					"illuminata"
				],
				"method_name": "play_game",
				"target_node_path": "dorm"
			},
			"event_id": "dialogic_042"
		},
		{
			"choice": "Not yet",
			"condition": "",
			"definition": "",
			"event_id": "dialogic_011",
			"value": ""
		},
		{
			"event_id": "dialogic_013"
		},
		{
			"event_id": "dialogic_013"
		}
	],
	"metadata": {
		"dialogic-version": "1.3",
		"file": "timeline-1629829659.json",
		"name": "birdietendo"
	}
}
