{
	"events": [
		{
			"character": "",
			"event_id": "dialogic_001",
			"portrait": "",
			"text": "You feel a [wave amp=20 freq=2]strange energy[/wave] engulf you..."
		},
		{
			"action": "join",
			"character": "character-1630272905.json",
			"event_id": "dialogic_002",
			"mirror": false,
			"portrait": "",
			"position": {
				"0": true,
				"1": false,
				"2": false,
				"3": false,
				"4": false
			}
		},
		{
			"character": "character-1630272905.json",
			"event_id": "dialogic_001",
			"portrait": "",
			"text": "gosh! I somehow feel pretty powerful!"
		}
	],
	"metadata": {
		"dialogic-version": "1.3",
		"file": "timeline-1630278070.json",
		"name": "illuminata 2 shoot"
	}
}
