{
	"events": [
		{
			"condition": "",
			"definition": "1630347918-543",
			"event_id": "dialogic_012",
			"value": "0"
		},
		{
			"condition": "",
			"definition": "1630283066-644",
			"event_id": "dialogic_012",
			"value": "0"
		},
		{
			"action": "join",
			"character": "character-1630249130.json",
			"event_id": "dialogic_002",
			"mirror": false,
			"portrait": "",
			"position": {
				"0": true,
				"1": false,
				"2": false,
				"3": false,
				"4": false
			}
		},
		{
			"character": "character-1630249130.json",
			"event_id": "dialogic_001",
			"portrait": "",
			"text": "hi student! I'm the coffee king"
		},
		{
			"character": "character-1630249130.json",
			"event_id": "dialogic_001",
			"portrait": "",
			"text": "shouldn't you be studying at your desk right now?"
		},
		{
			"event_id": "dialogic_013"
		},
		{
			"condition": "",
			"definition": "1630283066-644",
			"event_id": "dialogic_012",
			"value": "1"
		},
		{
			"condition": "",
			"definition": "1629847073-571",
			"event_id": "dialogic_012",
			"value": "1"
		},
		{
			"condition": "",
			"definition": "1630255667-592",
			"event_id": "dialogic_012",
			"value": "0"
		},
		{
			"action": "join",
			"character": "character-1629668635.json",
			"event_id": "dialogic_002",
			"mirror": false,
			"portrait": "",
			"position": {
				"0": true,
				"1": false,
				"2": false,
				"3": false,
				"4": false
			}
		},
		{
			"character": "character-1629668635.json",
			"event_id": "dialogic_001",
			"portrait": "",
			"text": "Hi coffee king! "
		},
		{
			"action": "join",
			"character": "character-1630249130.json",
			"event_id": "dialogic_002",
			"mirror": false,
			"portrait": "",
			"position": {
				"0": false,
				"1": false,
				"2": false,
				"3": false,
				"4": true
			}
		},
		{
			"character": "character-1630249130.json",
			"event_id": "dialogic_001",
			"portrait": "",
			"text": "hello student. I'm a bit busy at the moment"
		},
		{
			"character": "character-1629668635.json",
			"event_id": "dialogic_001",
			"portrait": "",
			"text": "Oh, sorry. I was just wondering if you could help me get [u]some coffee[/u]?"
		},
		{
			"character": "character-1630249130.json",
			"event_id": "dialogic_001",
			"portrait": "",
			"text": "I'm afraid not! I'm too stressed out. I have to give a presentation in the morning on [u]academic integrity[/u], and I'm not able to get into the [u]library[/u] to research."
		},
		{
			"character": "character-1629668635.json",
			"event_id": "dialogic_001",
			"portrait": "",
			"text": "Why can't you go to the [u]library[/u]?"
		},
		{
			"character": "character-1630249130.json",
			"event_id": "dialogic_001",
			"portrait": "",
			"text": "Because I'm stuck to the floor and connected to this [u]coffee machine[/u] back here! "
		},
		{
			"character": "character-1629668635.json",
			"event_id": "dialogic_001",
			"portrait": "",
			"text": "Oh, that makes sense. Let me see if I can help you."
		},
		{
			"character": "character-1630249130.json",
			"event_id": "dialogic_001",
			"portrait": "",
			"text": "That'd be swell, I'd make it worth your while!"
		},
		{
			"definition": "1630444561-366",
			"event_id": "dialogic_014",
			"operation": "=",
			"random_upper_limit": 100,
			"set_random": false,
			"set_value": "1"
		},
		{
			"action": "leaveall",
			"character": "[All]",
			"event_id": "dialogic_003"
		},
		{
			"event_id": "dialogic_013"
		},
		{
			"condition": "",
			"definition": "1630255667-592",
			"event_id": "dialogic_012",
			"value": "1"
		},
		{
			"action": "join",
			"character": "character-1629668635.json",
			"event_id": "dialogic_002",
			"mirror": false,
			"portrait": "",
			"position": {
				"0": true,
				"1": false,
				"2": false,
				"3": false,
				"4": false
			}
		},
		{
			"character": "character-1629668635.json",
			"event_id": "dialogic_001",
			"portrait": "",
			"text": "I tried to get into the library, but it's pitch black!"
		},
		{
			"action": "join",
			"character": "character-1630249130.json",
			"event_id": "dialogic_002",
			"mirror": false,
			"portrait": "",
			"position": {
				"0": false,
				"1": false,
				"2": false,
				"3": false,
				"4": true
			}
		},
		{
			"character": "character-1630249130.json",
			"event_id": "dialogic_001",
			"portrait": "",
			"text": "Oh no! You have to find some way to get in there and look around. My reputation depends on it!"
		},
		{
			"character": "character-1629668635.json",
			"event_id": "dialogic_001",
			"portrait": "",
			"text": "I won't let you down coffee king. "
		},
		{
			"event_id": "dialogic_013"
		},
		{
			"event_id": "dialogic_013"
		},
		{
			"event_id": "dialogic_013"
		},
		{
			"event_id": "dialogic_013"
		},
		{
			"condition": ">=",
			"definition": "1630347918-543",
			"event_id": "dialogic_012",
			"value": "7"
		},
		{
			"action": "join",
			"character": "character-1630249130.json",
			"event_id": "dialogic_002",
			"mirror": false,
			"portrait": "",
			"position": {
				"0": false,
				"1": false,
				"2": false,
				"3": false,
				"4": true
			}
		},
		{
			"character": "character-1630249130.json",
			"event_id": "dialogic_001",
			"portrait": "",
			"text": "I see you made it into the library. Can you help me get ready for this presentation?"
		},
		{
			"action": "join",
			"character": "character-1629668635.json",
			"event_id": "dialogic_002",
			"mirror": false,
			"portrait": "",
			"position": {
				"0": true,
				"1": false,
				"2": false,
				"3": false,
				"4": false
			}
		},
		{
			"character": "character-1629668635.json",
			"event_id": "dialogic_001",
			"portrait": "",
			"text": "Sure thing. What do I need to do?"
		},
		{
			"change_timeline": "timeline-1630348811.json",
			"event_id": "dialogic_020"
		},
		{
			"event_id": "dialogic_013"
		},
		{
			"condition": ">",
			"definition": "1630347918-543",
			"event_id": "dialogic_012",
			"value": "0"
		},
		{
			"condition": "<",
			"definition": "1630347918-543",
			"event_id": "dialogic_012",
			"value": "7"
		},
		{
			"action": "join",
			"character": "character-1630249130.json",
			"event_id": "dialogic_002",
			"mirror": false,
			"portrait": "",
			"position": {
				"0": false,
				"1": false,
				"2": false,
				"3": false,
				"4": true
			}
		},
		{
			"character": "character-1630249130.json",
			"event_id": "dialogic_001",
			"portrait": "",
			"text": "Hey, I saw you go into the library but you came out so fast"
		},
		{
			"character": "character-1630249130.json",
			"event_id": "dialogic_001",
			"portrait": "",
			"text": "are you TOTALLY SURE you read everything you needed to read in order to help me?"
		},
		{
			"action": "join",
			"character": "character-1629668635.json",
			"event_id": "dialogic_002",
			"mirror": false,
			"portrait": "",
			"position": {
				"0": true,
				"1": false,
				"2": false,
				"3": false,
				"4": false
			}
		},
		{
			"character": "character-1629668635.json",
			"event_id": "dialogic_001",
			"portrait": "",
			"text": "Hmmm, maybe not. Be right back!"
		},
		{
			"event_id": "dialogic_013"
		},
		{
			"event_id": "dialogic_013"
		}
	],
	"metadata": {
		"dialogic-version": "1.3",
		"file": "timeline-1630249075.json",
		"name": "coffee king"
	}
}
