{
	"events": [
		{
			"action": "join",
			"character": "character-1630272905.json",
			"event_id": "dialogic_002",
			"mirror": false,
			"portrait": "",
			"position": {
				"0": true,
				"1": false,
				"2": false,
				"3": false,
				"4": false
			}
		},
		{
			"character": "character-1630272905.json",
			"event_id": "dialogic_001",
			"portrait": "",
			"text": "OKAY THAT [tornado radius=5 freq=2]SCARED ME[/tornado]."
		},
		{
			"character": "character-1630272905.json",
			"event_id": "dialogic_001",
			"portrait": "",
			"text": "There's a sign here that says goal. I bet you I run face-first into it."
		}
	],
	"metadata": {
		"dialogic-version": "1.3",
		"file": "timeline-1630273947.json",
		"name": "illuminata movement 4"
	}
}
