{
	"events": [
		{
			"character": "",
			"event_id": "dialogic_001",
			"portrait": "",
			"text": "It's the community announcement board"
		},
		{
			"character": "",
			"event_id": "dialogic_010",
			"options": [

			],
			"portrait": "",
			"question": "Would you like to examine it?"
		},
		{
			"choice": "Yes",
			"condition": "",
			"definition": "",
			"event_id": "dialogic_011",
			"value": ""
		},
		{
			"call_node": {
				"arguments": [
					"true"
				],
				"method_name": "show_ad",
				"target_node_path": "lounge"
			},
			"event_id": "dialogic_042"
		},
		{
			"action": "join",
			"character": "character-1629668635.json",
			"event_id": "dialogic_002",
			"mirror": false,
			"portrait": "",
			"position": {
				"0": true,
				"1": false,
				"2": false,
				"3": false,
				"4": false
			}
		},
		{
			"character": "character-1629668635.json",
			"event_id": "dialogic_001",
			"portrait": "",
			"text": "What's this? A service to help students write papers?! How did this end up here?"
		},
		{
			"call_node": {
				"arguments": [
					"false"
				],
				"method_name": "show_ad",
				"target_node_path": "lounge"
			},
			"event_id": "dialogic_042"
		},
		{
			"character": "",
			"event_id": "dialogic_001",
			"portrait": "",
			"text": "It appears someone has put up an add for [u]contract cheating[/u]"
		},
		{
			"character": "",
			"event_id": "dialogic_001",
			"portrait": "",
			"text": "Contract cheating is a service that purports to help you cheat by writing your assignments for you, for a fee."
		},
		{
			"character": "character-1629668635.json",
			"event_id": "dialogic_001",
			"portrait": "",
			"text": "I can't believe this is up here on the board. Someone is up to no good..."
		},
		{
			"choice": "No",
			"condition": "",
			"definition": "",
			"event_id": "dialogic_011",
			"value": ""
		},
		{
			"event_id": "dialogic_013"
		}
	],
	"metadata": {
		"dialogic-version": "1.3",
		"file": "timeline-1630249987.json",
		"name": "board"
	}
}
