{
	"events": [
		{
			"action": "join",
			"character": "character-1630272905.json",
			"event_id": "dialogic_002",
			"mirror": false,
			"portrait": "",
			"position": {
				"0": true,
				"1": false,
				"2": false,
				"3": false,
				"4": false
			}
		},
		{
			"character": "character-1630272905.json",
			"event_id": "dialogic_001",
			"portrait": "",
			"text": "Okay, this is FREAKING ME OUT!"
		},
		{
			"character": "character-1630272905.json",
			"event_id": "dialogic_001",
			"portrait": "",
			"text": "I have no control over my own movement. Something, or someone is willing my body to move in perfectly straight lines."
		}
	],
	"metadata": {
		"dialogic-version": "1.3",
		"file": "timeline-1630273505.json",
		"name": "illuminata movement 2"
	}
}
