{
	"events": [
		{
			"character": "",
			"event_id": "dialogic_001",
			"portrait": "",
			"text": "there's a statement on the wall here"
		},
		{
			"action": "join",
			"character": "character-1630272905.json",
			"event_id": "dialogic_002",
			"mirror": false,
			"portrait": "",
			"position": {
				"0": true,
				"1": false,
				"2": false,
				"3": false,
				"4": false
			}
		},
		{
			"character": "character-1630272905.json",
			"event_id": "dialogic_001",
			"portrait": "",
			"text": "whoa! It's related to my test tomorrow. That's strange."
		}
	],
	"metadata": {
		"dialogic-version": "1.3",
		"file": "timeline-1630276209.json",
		"name": "illuminata 2 movement"
	}
}
