{
	"events": [
		{
			"character": "",
			"event_id": "dialogic_001",
			"portrait": "",
			"text": "There is an inscription on the bookcase: [b]all about cheating[/b]"
		},
		{
			"condition": "",
			"definition": "1630359452-991",
			"event_id": "dialogic_012",
			"value": "1"
		},
		{
			"character": "",
			"event_id": "dialogic_001",
			"portrait": "",
			"text": "You've already read this book"
		},
		{
			"event_id": "dialogic_013"
		},
		{
			"condition": "",
			"definition": "1630359452-991",
			"event_id": "dialogic_012",
			"value": "0"
		},
		{
			"condition": "",
			"definition": "1630347918-543",
			"event_id": "dialogic_012",
			"value": "4"
		},
		{
			"action": "join",
			"character": "character-1629668635.json",
			"event_id": "dialogic_002",
			"mirror": false,
			"portrait": "",
			"position": {
				"0": true,
				"1": false,
				"2": false,
				"3": false,
				"4": false
			}
		},
		{
			"character": "character-1629668635.json",
			"event_id": "dialogic_001",
			"portrait": "",
			"text": "Somehow it seems like every single book in the library has to do with academic integrity. Strange."
		},
		{
			"event_id": "dialogic_013"
		},
		{
			"character": "",
			"event_id": "dialogic_010",
			"options": [

			],
			"portrait": "",
			"question": "Browse the books?"
		},
		{
			"choice": "Yes",
			"condition": "",
			"definition": "",
			"event_id": "dialogic_011",
			"value": ""
		},
		{
			"character": "",
			"event_id": "dialogic_001",
			"portrait": "",
			"text": "The book begins with a definition of cheating:"
		},
		{
			"character": "",
			"event_id": "dialogic_001",
			"portrait": "",
			"text": "deceiving a faculty member or other individual who assess student performance into believing that one’s mastery of a subject or discipline is greater than it is by a range of dishonest methods"
		},
		{
			"character": "",
			"event_id": "dialogic_001",
			"portrait": "",
			"text": "it gives a few examples as well:"
		},
		{
			"definition": "1630359452-991",
			"event_id": "dialogic_014",
			"operation": "=",
			"random_upper_limit": 100,
			"set_random": false,
			"set_value": "1"
		},
		{
			"definition": "1630347918-543",
			"event_id": "dialogic_014",
			"operation": "+",
			"random_upper_limit": 100,
			"set_random": false,
			"set_value": "1"
		},
		{
			"choice": "No",
			"condition": "",
			"definition": "",
			"event_id": "dialogic_011",
			"value": ""
		},
		{
			"event_id": "dialogic_013"
		},
		{
			"event_id": "dialogic_013"
		}
	],
	"metadata": {
		"dialogic-version": "1.3",
		"file": "timeline-1630347884.json",
		"name": "shelf 4"
	}
}
