{
	"events": [
		{
			"action": "join",
			"character": "character-1630272905.json",
			"event_id": "dialogic_002",
			"mirror": false,
			"portrait": "",
			"position": {
				"0": true,
				"1": false,
				"2": false,
				"3": false,
				"4": false
			}
		},
		{
			"character": "character-1630272905.json",
			"event_id": "dialogic_001",
			"portrait": "",
			"text": "There's something blocking my way. That thing is HUGE!"
		},
		{
			"character": "character-1630272905.json",
			"event_id": "dialogic_001",
			"portrait": "",
			"text": "it says \"is still cheating\". I wonder if that's somehow related to the question?"
		},
		{
			"character": "character-1630272905.json",
			"event_id": "dialogic_001",
			"portrait": "",
			"text": "Of course. Now what can I do to get it out of the way!?"
		}
	],
	"metadata": {
		"dialogic-version": "1.3",
		"file": "timeline-1630280567.json",
		"name": "illuminata 2 shoot 2"
	}
}
