{
	"events": [
		{
			"condition": "",
			"definition": "1630440117-787",
			"event_id": "dialogic_012",
			"value": "0"
		},
		{
			"action": "join",
			"character": "character-1629668635.json",
			"event_id": "dialogic_002",
			"mirror": false,
			"portrait": "",
			"position": {
				"0": true,
				"1": false,
				"2": false,
				"3": false,
				"4": false
			}
		},
		{
			"character": "character-1629668635.json",
			"event_id": "dialogic_001",
			"portrait": "",
			"text": "This desk looks familar"
		},
		{
			"character": "",
			"event_id": "dialogic_001",
			"portrait": "",
			"text": "It's joe's desk. "
		},
		{
			"character": "",
			"event_id": "dialogic_001",
			"portrait": "",
			"text": "It's locked"
		},
		{
			"character": "",
			"event_id": "dialogic_010",
			"options": [

			],
			"portrait": "",
			"question": "Try the key?"
		},
		{
			"choice": "Yes",
			"condition": "",
			"definition": "",
			"event_id": "dialogic_011",
			"value": ""
		},
		{
			"character": "",
			"event_id": "dialogic_001",
			"portrait": "",
			"text": "[shake rate=5 level=10]click...[/shake]the desk opens"
		},
		{
			"call_node": {
				"arguments": [
					"true"
				],
				"method_name": "open_desk",
				"target_node_path": "classroom"
			},
			"event_id": "dialogic_042"
		},
		{
			"change_timeline": "timeline-1630438478.json",
			"event_id": "dialogic_020"
		},
		{
			"choice": "No",
			"condition": "",
			"definition": "",
			"event_id": "dialogic_011",
			"value": ""
		},
		{
			"event_id": "dialogic_013"
		},
		{
			"event_id": "dialogic_013"
		},
		{
			"character": "",
			"event_id": "dialogic_001",
			"portrait": "",
			"text": "You already searched joe's desk. Better go find him."
		}
	],
	"metadata": {
		"dialogic-version": "1.3",
		"file": "timeline-1630438249.json",
		"name": "desk 2"
	}
}
