{
	"events": [
		{
			"action": "join",
			"character": "character-1630272905.json",
			"event_id": "dialogic_002",
			"mirror": false,
			"portrait": "",
			"position": {
				"0": true,
				"1": false,
				"2": false,
				"3": false,
				"4": false
			}
		},
		{
			"character": "character-1630272905.json",
			"event_id": "dialogic_001",
			"portrait": "",
			"text": "Whaaaat the heck!? Where am I?"
		},
		{
			"character": "character-1630272905.json",
			"event_id": "dialogic_001",
			"portrait": "",
			"text": "and why am I BLACK AND WHITE? "
		},
		{
			"character": "",
			"event_id": "dialogic_001",
			"portrait": "",
			"text": "Something tells you that cartridge was more than just a game. "
		}
	],
	"metadata": {
		"dialogic-version": "1.3",
		"file": "timeline-1630263709.json",
		"name": "illuminata tutorial"
	}
}
