{
	"events": [
		{
			"action": "join",
			"character": "character-1630249130.json",
			"event_id": "dialogic_002",
			"mirror": false,
			"portrait": "",
			"position": {
				"0": false,
				"1": false,
				"2": false,
				"3": false,
				"4": true
			}
		},
		{
			"character": "character-1630249130.json",
			"event_id": "dialogic_001",
			"portrait": "",
			"text": "Well, I just have a few questions for you about academic integrity and policies, if you answer correctly it will REALLY help me out!"
		},
		{
			"action": "join",
			"character": "character-1629668635.json",
			"event_id": "dialogic_002",
			"mirror": false,
			"portrait": "",
			"position": {
				"0": true,
				"1": false,
				"2": false,
				"3": false,
				"4": false
			}
		},
		{
			"character": "character-1629668635.json",
			"event_id": "dialogic_001",
			"portrait": "",
			"text": "Cool. I'm ready!"
		},
		{
			"character": "character-1630249130.json",
			"event_id": "dialogic_010",
			"options": [

			],
			"portrait": "",
			"question": "Okay, first question. What's my name?"
		},
		{
			"choice": "Bob",
			"condition": "",
			"definition": "",
			"event_id": "dialogic_011",
			"value": ""
		},
		{
			"character": "character-1630249130.json",
			"event_id": "dialogic_001",
			"portrait": "",
			"text": "Boooo. Incorrect!"
		},
		{
			"choice": "Crumpet King",
			"condition": "",
			"definition": "",
			"event_id": "dialogic_011",
			"value": ""
		},
		{
			"character": "character-1630249130.json",
			"event_id": "dialogic_001",
			"portrait": "",
			"text": "I don't even know what a crumpet is!"
		},
		{
			"choice": "Coffee King",
			"condition": "",
			"definition": "",
			"event_id": "dialogic_011",
			"value": ""
		},
		{
			"character": "character-1630249130.json",
			"event_id": "dialogic_001",
			"portrait": "",
			"text": "Amazing, that's correct!"
		},
		{
			"definition": "1630350440-392",
			"event_id": "dialogic_014",
			"operation": "+",
			"random_upper_limit": 100,
			"set_random": false,
			"set_value": "1"
		},
		{
			"event_id": "dialogic_013"
		},
		{
			"character": "character-1630249130.json",
			"event_id": "dialogic_001",
			"portrait": "",
			"text": "A student is writing a paper and stressed out.  "
		},
		{
			"character": "character-1630249130.json",
			"event_id": "dialogic_001",
			"portrait": "",
			"text": "Temptation arrives in the form of an owl offering a contract cheating service."
		},
		{
			"character": "character-1630249130.json",
			"event_id": "dialogic_010",
			"options": [

			],
			"portrait": "",
			"question": "What should they do?"
		},
		{
			"choice": "shooo it away",
			"condition": "",
			"definition": "",
			"event_id": "dialogic_011",
			"value": ""
		},
		{
			"character": "character-1630249130.json",
			"event_id": "dialogic_001",
			"portrait": "",
			"text": "Bravo! Correct!"
		},
		{
			"definition": "1630350440-392",
			"event_id": "dialogic_014",
			"operation": "+",
			"random_upper_limit": 100,
			"set_random": false,
			"set_value": "1"
		},
		{
			"choice": "consider the offer",
			"condition": "",
			"definition": "",
			"event_id": "dialogic_011",
			"value": ""
		},
		{
			"character": "character-1630249130.json",
			"event_id": "dialogic_001",
			"portrait": "",
			"text": "ummm, pretty sure that wouldn't look good on my PPT"
		},
		{
			"event_id": "dialogic_013"
		},
		{
			"condition": "",
			"definition": "1630350440-392",
			"event_id": "dialogic_012",
			"value": "2"
		},
		{
			"character": "character-1630249130.json",
			"event_id": "dialogic_001",
			"portrait": "",
			"text": "Thanks so much for helping me prepare for the presentation bird boy!"
		},
		{
			"character": "character-1630249130.json",
			"event_id": "dialogic_001",
			"portrait": "",
			"text": "As a token of thanks, I'm going to give you a token. Hope you enjoy the coffee!"
		},
		{
			"action": "join",
			"character": "character-1629668635.json",
			"event_id": "dialogic_002",
			"mirror": false,
			"portrait": "",
			"position": {
				"0": true,
				"1": false,
				"2": false,
				"3": false,
				"4": false
			}
		},
		{
			"character": "character-1629668635.json",
			"event_id": "dialogic_001",
			"portrait": "",
			"text": "Thanks coffee king, my roommate joe will really appreciate it!"
		},
		{
			"call_node": {
				"arguments": [
					"token"
				],
				"method_name": "add_item",
				"target_node_path": "inventory"
			},
			"event_id": "dialogic_042"
		},
		{
			"audio": "play",
			"audio_bus": "Master",
			"event_id": "dialogic_030",
			"event_name": "AudioEvent",
			"file": "res://audio/sfx/item.mp3",
			"volume": 0
		},
		{
			"event_id": "dialogic_023",
			"wait_seconds": 0.7
		},
		{
			"audio": "stop",
			"audio_bus": "Master",
			"event_id": "dialogic_030",
			"event_name": "AudioEvent",
			"file": "",
			"volume": 0
		},
		{
			"character": "",
			"event_id": "dialogic_001",
			"portrait": "",
			"text": "You recieve a token"
		},
		{
			"definition": "1630351191-912",
			"event_id": "dialogic_014",
			"operation": "=",
			"random_upper_limit": 100,
			"set_random": false,
			"set_value": "1"
		},
		{
			"event_id": "dialogic_013"
		},
		{
			"condition": "<",
			"definition": "1630350440-392",
			"event_id": "dialogic_012",
			"value": "2"
		},
		{
			"character": "character-1630249130.json",
			"event_id": "dialogic_001",
			"portrait": "",
			"text": "Well, I'm afraid you didn't get everything correct. Try again!"
		},
		{
			"definition": "1630350440-392",
			"event_id": "dialogic_014",
			"operation": "=",
			"random_upper_limit": 100,
			"set_random": false,
			"set_value": "0"
		},
		{
			"event_id": "dialogic_013"
		}
	],
	"metadata": {
		"dialogic-version": "1.3",
		"file": "timeline-1630348811.json",
		"name": "coffee king token"
	}
}
