{
	"events": [
		{
			"character": "",
			"event_id": "dialogic_001",
			"portrait": "",
			"text": "you are pretty sure this is just plain coffee"
		},
		{
			"action": "join",
			"character": "character-1629668635.json",
			"event_id": "dialogic_002",
			"mirror": false,
			"portrait": "",
			"position": {
				"0": true,
				"1": false,
				"2": false,
				"3": false,
				"4": false
			}
		},
		{
			"character": "character-1629668635.json",
			"event_id": "dialogic_001",
			"portrait": "",
			"text": "Better go give this to joe, he's been waiting quite a while!"
		}
	],
	"metadata": {
		"dialogic-version": "1.3",
		"file": "timeline-1630352694.json",
		"name": "coffee"
	}
}
