{
	"events": [
		{
			"character": "",
			"event_id": "dialogic_010",
			"options": [

			],
			"portrait": "",
			"question": "So you're just going to give up and go to bed?"
		},
		{
			"choice": "Yes",
			"condition": "",
			"definition": "",
			"event_id": "dialogic_011",
			"value": ""
		},
		{
			"character": "",
			"event_id": "dialogic_001",
			"portrait": "",
			"text": "Well that's not an option!"
		},
		{
			"choice": "No",
			"condition": "",
			"definition": "",
			"event_id": "dialogic_011",
			"value": ""
		},
		{
			"action": "join",
			"character": "character-1629668635.json",
			"event_id": "dialogic_002",
			"mirror": false,
			"portrait": "",
			"position": {
				"0": true,
				"1": false,
				"2": false,
				"3": false,
				"4": false
			}
		},
		{
			"character": "character-1629668635.json",
			"event_id": "dialogic_001",
			"portrait": "",
			"text": "I can't just give up, I need to get a good grade on this test!"
		},
		{
			"event_id": "dialogic_013"
		}
	],
	"metadata": {
		"dialogic-version": "1.3",
		"file": "timeline-1629829649.json",
		"name": "bed"
	}
}
