{
	"events": [
		{
			"action": "join",
			"character": "character-1629668635.json",
			"event_id": "dialogic_002",
			"mirror": false,
			"portrait": "",
			"position": {
				"0": true,
				"1": false,
				"2": false,
				"3": false,
				"4": false
			}
		},
		{
			"character": "character-1629668635.json",
			"event_id": "dialogic_001",
			"portrait": "",
			"text": "Hey, here's another one of those answer things"
		},
		{
			"character": "character-1629668635.json",
			"event_id": "dialogic_001",
			"portrait": "",
			"text": "it says \"your professor\""
		},
		{
			"character": "character-1629668635.json",
			"event_id": "dialogic_001",
			"portrait": "",
			"text": "hmmm, what's the statement on the wall say?"
		},
		{
			"character": "",
			"event_id": "dialogic_001",
			"portrait": "",
			"text": "\"resources that can help you maintain academic integrity\""
		},
		{
			"character": "character-1629668635.json",
			"event_id": "dialogic_001",
			"portrait": "",
			"text": "I don't think I want to destroy this thing. I need it somehow..."
		}
	],
	"metadata": {
		"dialogic-version": "1.3",
		"file": "timeline-1630445598.json",
		"name": "illuminata 3 movement 3"
	}
}
