{
	"events": [
		{
			"action": "join",
			"character": "character-1630272905.json",
			"event_id": "dialogic_002",
			"mirror": false,
			"portrait": "",
			"position": {
				"0": true,
				"1": false,
				"2": false,
				"3": false,
				"4": false
			}
		},
		{
			"character": "character-1630272905.json",
			"event_id": "dialogic_001",
			"portrait": "",
			"text": "Whoa, that was freaky. "
		},
		{
			"character": "character-1630272905.json",
			"event_id": "dialogic_001",
			"portrait": "",
			"text": "So I clearly have no control over my movement. May as well go along for the ride."
		},
		{
			"character": "character-1630272905.json",
			"event_id": "dialogic_001",
			"portrait": "",
			"text": "I just hope I'll learn something other than the terror of losing control when this is all over... "
		}
	],
	"metadata": {
		"dialogic-version": "1.3",
		"file": "timeline-1630274558.json",
		"name": "illuminata 2 tutorial"
	}
}
