{
	"events": [
		{
			"character": "",
			"event_id": "dialogic_001",
			"portrait": "",
			"text": "that's the last you recall of the encounter with the mysterious shade. "
		},
		{
			"character": "",
			"event_id": "dialogic_001",
			"portrait": "",
			"text": "where is joe? "
		},
		{
			"character": "",
			"event_id": "dialogic_001",
			"portrait": "",
			"text": "and where are your notes?"
		},
		{
			"character": "",
			"event_id": "dialogic_001",
			"portrait": "",
			"text": "stay tuned for the next epidose, where you'll find out the answers to these questions and more"
		},
		{
			"character": "",
			"event_id": "dialogic_001",
			"portrait": "",
			"text": "thanks for playing!"
		}
	],
	"metadata": {
		"dialogic-version": "1.3",
		"file": "timeline-1630443409.json",
		"name": "credits"
	}
}
