{
	"events": [
		{
			"action": "join",
			"character": "character-1630272905.json",
			"event_id": "dialogic_002",
			"mirror": false,
			"portrait": "",
			"position": {
				"0": true,
				"1": false,
				"2": false,
				"3": false,
				"4": false
			}
		},
		{
			"character": "character-1630272905.json",
			"event_id": "dialogic_001",
			"portrait": "",
			"text": "HEY WHOEVER IS CONTROLLING ME! THOSE STEPS LOOK [shake rate=5 level=10]UNFUN[/shake]"
		}
	],
	"metadata": {
		"dialogic-version": "1.3",
		"file": "timeline-1630273810.json",
		"name": "illuminata movement 3"
	}
}
