{
	"events": [
		{
			"character": "",
			"event_id": "dialogic_001",
			"portrait": "",
			"text": "The library is [color=black]pitch black[/color]"
		},
		{
			"character": "",
			"event_id": "dialogic_001",
			"portrait": "",
			"text": "You will need some light before you can explore here."
		},
		{
			"definition": "1630255667-592",
			"event_id": "dialogic_014",
			"operation": "=",
			"random_upper_limit": 100,
			"set_random": false,
			"set_value": "1"
		},
		{
			"call_node": {
				"arguments": [

				],
				"method_name": "return_to_lounge",
				"target_node_path": "library"
			},
			"event_id": "dialogic_042"
		}
	],
	"metadata": {
		"dialogic-version": "1.3",
		"file": "timeline-1630254184.json",
		"name": "library"
	}
}
