{
	"glossary": [
		{
			"extra": "click it",
			"id": "1629936042-949",
			"name": "desk",
			"text": "this is where the magic happens. click  it.",
			"title": "a desk",
			"type": 1
		},
		{
			"extra": "ask around",
			"id": "1629935979-599",
			"name": "notes",
			"text": "You need these if you want to have any chance of passing this test",
			"title": "Your notes",
			"type": 1
		},
		{
			"extra": "he knows ancient secrets",
			"id": "1629935878-233",
			"name": "joe",
			"text": "Joe is your roomate, he is generally helpful, if not a bit stoic",
			"title": "A Trusy Friend",
			"type": 1
		},
		{
			"extra": "source: writingcenter.unc.edu",
			"id": "1629924473-384",
			"name": "academic integrity",
			"text": "Academic integrity is the commitment to and demonstration of honest and moral behavior in an academic setting. ",
			"title": "Academic Integrity",
			"type": 1
		},
		{
			"extra": "",
			"id": "1630249033-588",
			"name": "key",
			"text": "Opens the door to the classroom.",
			"title": "classroom key",
			"type": 1
		},
		{
			"extra": "he looks [i]stressed[/i] out",
			"id": "1630249200-850",
			"name": "coffee king",
			"text": "without the help of this magical bean, many a student would suffer",
			"title": "the KING",
			"type": 1
		},
		{
			"extra": "",
			"id": "1630249447-419",
			"name": "library",
			"text": "An essential resource not only for information, but also to help you when you have academic questions",
			"title": "The Library",
			"type": 1
		},
		{
			"extra": "",
			"id": "1630251574-315",
			"name": "contract cheating",
			"text": "This advertisement is for a service to help you cheat on a paper",
			"title": "A very unwelcome ad",
			"type": 1
		},
		{
			"extra": "",
			"id": "1630254242-381",
			"name": "light",
			"text": "where on earth can you possibly find some light? ",
			"title": "some light",
			"type": 1
		},
		{
			"extra": "",
			"id": "1630254665-813",
			"name": "crystel ball",
			"text": "Why is it in the lounge?",
			"title": "an ominous crystal ball",
			"type": 1
		},
		{
			"extra": "",
			"id": "1630254933-380",
			"name": "token",
			"text": "These are the coin of the realm, at least as far as getting coffee is concerned",
			"title": "a small token",
			"type": 1
		},
		{
			"extra": "keep talking",
			"id": "1630256633-248",
			"name": "game",
			"text": "I wonder what this is?",
			"title": "the game",
			"type": 1
		},
		{
			"extra": "",
			"id": "1630256957-483",
			"name": "dream school",
			"text": "this is your university, duh!",
			"title": "dream school",
			"type": 1
		},
		{
			"extra": "",
			"id": "1630257154-623",
			"name": "game cartridge",
			"text": "you need this in order to play!",
			"title": "a game catridge",
			"type": 1
		},
		{
			"extra": "source: Oxford Dictionary",
			"id": "1630257319-447",
			"name": "unscrupulous",
			"text": "having or showing no moral principles; not honest or fair.",
			"title": "unscrupulous",
			"type": 1
		},
		{
			"extra": "right and wrong",
			"id": "1630258466-952",
			"name": "illuminatata cartridge",
			"text": "a game about light and dark",
			"title": "illuminatata cartridge",
			"type": 1
		},
		{
			"extra": "source: dictionary.com",
			"id": "1630350500-690",
			"name": "crumpet",
			"text": "a round soft unsweetened bread resembling a muffin, cooked on a griddle or the like, and often toasted.",
			"title": "crumpet",
			"type": 1
		},
		{
			"extra": "why does he have it?",
			"id": "1630355199-907",
			"name": "key to the classroom",
			"text": "this key opens the classroom",
			"title": "classroom key",
			"type": 1
		},
		{
			"extra": "check the loung",
			"id": "1630361968-144",
			"name": "some coffee",
			"text": "joe needs this to finish his paper quickly",
			"title": "coffee",
			"type": 1
		},
		{
			"extra": "it dispenses coffee",
			"id": "1630362101-400",
			"name": "coffee machine",
			"text": "a huge and complex and critical contraption ",
			"title": "coffee machine",
			"type": 1
		},
		{
			"extra": "and unscrupulous",
			"id": "1630258281-765",
			"name": "star dude",
			"text": "he's a bit sketchy. ",
			"title": "star dude",
			"type": 1
		},
		{
			"extra": "",
			"id": "1630367387-299",
			"name": "games",
			"text": "games can help you learn!",
			"title": "games",
			"type": 1
		},
		{
			"extra": "",
			"id": "1630439663-648",
			"name": "citation",
			"text": "a game about the trials and tribulations of ethical scholarship",
			"title": "citation",
			"type": 1
		}
	],
	"variables": [
		{
			"id": "1630258075-885",
			"name": "need_spell",
			"type": 0,
			"value": "0"
		},
		{
			"id": "1630263147-252",
			"name": "illuminata cartridge",
			"type": 0,
			"value": "0"
		},
		{
			"id": "1630350440-392",
			"name": "questions",
			"type": 0,
			"value": "0"
		},
		{
			"id": "1630351191-912",
			"name": "token",
			"type": 0,
			"value": "0"
		},
		{
			"id": "1630353426-910",
			"name": "paper",
			"type": 0,
			"value": "0"
		},
		{
			"id": "1630255667-592",
			"name": "explored_library",
			"type": 0,
			"value": "0"
		},
		{
			"id": "1630347918-543",
			"name": "books",
			"type": 0,
			"value": "0"
		},
		{
			"id": "1630359440-817",
			"name": "shelf 1",
			"type": 0,
			"value": "0"
		},
		{
			"id": "1630359450-788",
			"name": "shelf 2",
			"type": 0,
			"value": "0"
		},
		{
			"id": "1630359454-170",
			"name": "shelf 6",
			"type": 0,
			"value": "0"
		},
		{
			"id": "1630359453-413",
			"name": "shelf 5",
			"type": 0,
			"value": "0"
		},
		{
			"id": "1630359452-991",
			"name": "shelf 4",
			"type": 0,
			"value": "0"
		},
		{
			"id": "1630359451-554",
			"name": "shelf 3",
			"type": 0,
			"value": "0"
		},
		{
			"id": "1630359784-519",
			"name": "shelf 7",
			"type": 0,
			"value": "0"
		},
		{
			"id": "1630352399-208",
			"name": "coffee",
			"type": 0,
			"value": "0"
		},
		{
			"id": "1629847073-571",
			"name": "desk",
			"type": 0,
			"value": "0"
		},
		{
			"id": "1630283066-644",
			"name": "joe",
			"type": 0,
			"value": "0"
		},
		{
			"id": "1630355221-179",
			"name": "key",
			"type": 0,
			"value": "1"
		},
		{
			"id": "1630440117-787",
			"name": "caught",
			"type": 0,
			"value": "0"
		},
		{
			"id": "1630444561-366",
			"name": "quest",
			"type": 0,
			"value": "0"
		}
	]
}
