{
	"files": [

	],
	"folders": {
		"Characters": {
			"files": [
				"character-1629668635.json",
				"character-1629831954.json",
				"character-1629920597.json",
				"character-1630249130.json",
				"character-1630254826.json",
				"character-1630258027.json",
				"character-1630272905.json",
				"character-1630442082.json"
			],
			"folders": {

			},
			"metadata": {
				"color": null,
				"folded": false
			}
		},
		"Definitions": {
			"files": [
				"1629924473-384",
				"1629935878-233",
				"1629935979-599",
				"1629936042-949",
				"1630249200-850",
				"1630249447-419",
				"1630251574-315",
				"1630254242-381",
				"1630254665-813",
				"1630254933-380",
				"1630256957-483",
				"1630249033-588"
			],
			"folders": {
				"classroom": {
					"files": [
						"1630439663-648",
						"1630440117-787"
					],
					"folders": {

					},
					"metadata": {
						"color": null,
						"folded": true
					}
				},
				"dorm": {
					"files": [
						"1630283066-644",
						"1630353426-910",
						"1630355199-907",
						"1630355221-179",
						"1630361968-144",
						"1629847073-571"
					],
					"folders": {

					},
					"metadata": {
						"color": null,
						"folded": true
					}
				},
				"hallway": {
					"files": [
						"1630258281-765",
						"1630258466-952",
						"1630263147-252"
					],
					"folders": {

					},
					"metadata": {
						"color": null,
						"folded": true
					}
				},
				"library": {
					"files": [
						"1630347918-543",
						"1630359440-817",
						"1630359450-788",
						"1630359451-554",
						"1630359452-991",
						"1630359453-413",
						"1630359454-170",
						"1630359784-519"
					],
					"folders": {

					},
					"metadata": {
						"color": null,
						"folded": true
					}
				},
				"lounge": {
					"files": [
						"1630255667-592",
						"1630256633-248",
						"1630257154-623",
						"1630257319-447",
						"1630258075-885",
						"1630350440-392",
						"1630350500-690",
						"1630351191-912",
						"1630352399-208",
						"1630362101-400",
						"1630367387-299",
						"1630444561-366"
					],
					"folders": {

					},
					"metadata": {
						"color": null,
						"folded": true
					}
				}
			},
			"metadata": {
				"color": null,
				"folded": false
			}
		},
		"Themes": {
			"files": [
				"theme-1629668709.cfg"
			],
			"folders": {

			},
			"metadata": {
				"color": null,
				"folded": false
			}
		},
		"Timelines": {
			"files": [

			],
			"folders": {
				"cartridges": {
					"files": [
						"timeline-1630260030.json",
						"timeline-1630351565.json",
						"timeline-1630352694.json",
						"timeline-1630353290.json"
					],
					"folders": {

					},
					"metadata": {
						"color": null,
						"folded": false
					}
				},
				"classroom": {
					"files": [
						"timeline-1630438245.json",
						"timeline-1630438249.json",
						"timeline-1630438254.json",
						"timeline-1630438258.json",
						"timeline-1630438264.json",
						"timeline-1630438269.json",
						"timeline-1630438478.json"
					],
					"folders": {

					},
					"metadata": {
						"color": null,
						"folded": true
					}
				},
				"dorm": {
					"files": [
						"timeline-1629668664.json",
						"timeline-1629829649.json",
						"timeline-1629829659.json",
						"timeline-1629852995.json",
						"timeline-1630281734.json"
					],
					"folders": {
						"desk": {
							"files": [
								"timeline-1629745718.json"
							],
							"folders": {

							},
							"metadata": {
								"color": null,
								"folded": true
							}
						}
					},
					"metadata": {
						"color": null,
						"folded": true
					}
				},
				"games": {
					"files": [

					],
					"folders": {
						"illuminata": {
							"files": [
								"timeline-1630263709.json",
								"timeline-1630273030.json",
								"timeline-1630273505.json",
								"timeline-1630273810.json",
								"timeline-1630273947.json",
								"timeline-1630274558.json",
								"timeline-1630276209.json",
								"timeline-1630278070.json",
								"timeline-1630280567.json",
								"timeline-1630280813.json",
								"timeline-1630445525.json",
								"timeline-1630445570.json",
								"timeline-1630445598.json",
								"timeline-1630445835.json",
								"timeline-1630446201.json"
							],
							"folders": {

							},
							"metadata": {
								"color": null,
								"folded": false
							}
						}
					},
					"metadata": {
						"color": null,
						"folded": false
					}
				},
				"hallway": {
					"files": [
						"timeline-1630257976.json"
					],
					"folders": {

					},
					"metadata": {
						"color": null,
						"folded": true
					}
				},
				"library": {
					"files": [
						"timeline-1630254184.json",
						"timeline-1630281661.json",
						"timeline-1630347868.json",
						"timeline-1630347875.json",
						"timeline-1630347880.json",
						"timeline-1630347884.json",
						"timeline-1630347889.json",
						"timeline-1630347894.json",
						"timeline-1630347899.json",
						"timeline-1630440082.json",
						"timeline-1630441719.json",
						"timeline-1630443409.json"
					],
					"folders": {

					},
					"metadata": {
						"color": null,
						"folded": true
					}
				},
				"lounge": {
					"files": [
						"timeline-1630163982.json",
						"timeline-1630248983.json",
						"timeline-1630249075.json",
						"timeline-1630249987.json",
						"timeline-1630254552.json",
						"timeline-1630254718.json",
						"timeline-1629920697.json",
						"timeline-1630348811.json"
					],
					"folders": {

					},
					"metadata": {
						"color": null,
						"folded": true
					}
				}
			},
			"metadata": {
				"color": null,
				"folded": false
			}
		}
	}
}
